{"Train Loss": 0.02031019702553749, "learning rate": "0.0000001", "_timestamp": 1707665387.9036248, "_runtime": 545.2717378139496, "_step": 4, "_wandb": {"runtime": 629}}