{"Train Loss": 0.3908733129501343, "epoch": 1, "learning rate": 0.0001, "_timestamp": 1707546124.8299074, "_runtime": 245.79615449905396, "_step": 3, "_wandb": {"runtime": 264}}