{"Train Loss": 0.6931496262550354, "epoch": 2, "learning rate": 0.0006545430463377549, "_timestamp": 1707613986.6546078, "_runtime": 512.6392216682434, "_step": 20, "_wandb": {"runtime": 529}}