{"Train Loss": 0.010792948305606842, "learning rate": 0.0006545430463377549, "_timestamp": 1707536213.7377517, "_runtime": 531.5511457920074, "_step": 16, "_wandb": {"runtime": 539}}