{"Train Loss": 0.5275647640228271, "epoch": 1, "learning rate": 0.0001, "_timestamp": 1707546270.571682, "_runtime": 81.91996598243713, "_step": 0, "_wandb": {"runtime": 82}}