{"Train Loss": 0.0011250582756474614, "learning rate": [0.0006545430463377571], "_timestamp": 1707676781.0007749, "_runtime": 11263.333094835281, "_step": 80, "Validation Dice": 0.8937696218490601, "_wandb": {"runtime": 11258}}