{"Train Loss": 0.05186228081583977, "learning rate": 0.0009999999999999872, "_timestamp": 1707490712.3549619, "_runtime": 184.7833287715912, "_step": 4, "_wandb": {"runtime": 200}}