{"Train Loss": 0.01977841928601265, "_timestamp": 1707482133.8525414, "_runtime": 1392.486655473709, "_step": 31, "Validation Dice": 0.30724018812179565, "_wandb": {"runtime": 1413}}