{"Train Loss": 0.16266129910945892, "_timestamp": 1707480426.6103454, "_runtime": 252.75853729248047, "_step": 6, "_wandb": {"runtime": 249}}