{"Train Loss": 0.17044779658317566, "_timestamp": 1707330435.6276224, "_runtime": 518.1191713809967, "_step": 6, "Validation Dice": 0.036146409809589386, "_wandb": {"runtime": 522}}