{"Train Loss": 0.007016663905233145, "_timestamp": 1707333721.7161386, "_runtime": 3178.2503457069397, "_step": 63, "Validation Dice": 0.8217317461967468, "_wandb": {"runtime": 3167}}