{"Train Loss": 0.07614716142416, "_timestamp": 1707480042.4251597, "_runtime": 733.3142538070679, "_step": 12, "Validation Dice": 0.16930262744426727, "_wandb": {"runtime": 738}}