{"Train Loss": 0.023074544966220856, "learning rate": "0.0009045", "_timestamp": 1707643683.4208674, "_runtime": 117.96138453483582, "_step": 2, "_wandb": {"runtime": 134}}