{"Train Loss": 0.0008225146448239684, "_timestamp": 1707717049.2122703, "_runtime": 15457.564288377762, "_step": 314, "Validation Dice": 0.9464437365531921, "_wandb": {"runtime": 15778}}