{"Train Loss": 0.5461127758026123, "_timestamp": 1707480687.5895154, "_runtime": 50.14403033256531, "_step": 0, "_wandb": {"runtime": 51}}