{"Train Loss": 0.000864784640725702, "_timestamp": 1707350512.809599, "_runtime": 15746.226795911789, "_step": 312, "Validation Dice": 0.9473348259925842, "_wandb": {"runtime": 15737}}