{"Train Loss": 0.0008001679088920355, "learning rate": 0.0003455569536622454, "_timestamp": 1707534796.4577956, "_runtime": 7075.458963632584, "_step": 151, "Validation Dice": 0.04996423050761223}