{"Train Loss": 0.3377026319503784, "learning rate": 0.0001, "_timestamp": 1707486677.6236215, "_runtime": 188.40926337242126, "_step": 4, "_wandb": {"runtime": 191}}