{"Train Loss": 0.022597122937440872, "learning rate": 9.046039886902876e-05, "_timestamp": 1707490437.8672783, "_runtime": 3590.7261774539948, "_step": 86, "Validation Dice": 0.1361803114414215, "_wandb": {"runtime": 3592}}