{"Train Loss": 0.048195790499448776, "_timestamp": 1707479151.925618, "_runtime": 2186.5388588905334, "_step": 27, "Validation Dice": 0.05460212379693985, "_wandb": {"runtime": 2199}}