{"Train Loss": 0.6190382242202759, "learning rate": 9.046039886902862e-05, "_timestamp": 1707486795.8759806, "_runtime": 55.317901611328125, "_step": 0, "_wandb": {"runtime": 58}}