{"Train Loss": 0.0080390814691782, "_timestamp": 1707486278.1078224, "_runtime": 4087.96653342247, "_step": 92, "Validation Dice": 0.6573372483253479, "_wandb": {"runtime": 4097}}