{"Train Loss": 0.46802735328674316, "_timestamp": 1707476912.4455526, "_runtime": 166.62311148643494, "_step": 2, "_wandb": {"runtime": 181}}