{"Train Loss": 0.2950231730937958, "_timestamp": 1707355939.5695953, "_runtime": 85.05309724807739, "_step": 1, "_wandb": {"runtime": 89}}