{"Train Loss": 0.016784949228167534, "_timestamp": 1707334670.4282298, "_runtime": 868.856104850769, "_step": 16, "Validation Dice": 0.8651155233383179, "_wandb": {"runtime": 878}}