{"Train Loss": 0.0022501940838992596, "learning rate": "0.0010000", "_timestamp": 1707646109.272617, "_runtime": 2347.1257271766663, "_step": 20, "Validation Dice": 0.6390971541404724, "_wandb": {"runtime": 2369}}