{"Train Loss": 0.00088879355462268, "learning rate": 0.0010000000000000325, "_timestamp": 1707510585.4069414, "_runtime": 19809.299092531204, "_step": 456, "Validation Dice": 0.9455322027206421, "_wandb": {"runtime": 20139}}