{"Train Loss": 0.0014080690452829003, "_timestamp": 1707371224.3548965, "_runtime": 12926.841452598572, "_step": 251, "Validation Dice": 0.8945584893226624, "_wandb": {"runtime": 13032}}